time,bpm,risk
4,72,0.04997616843903532
5,70,0.08103448115238651
6,68,0.1273175213140988
7,65,0.2389884725627965
8,60,0.5324590077801852
9,58,0.6420012582944935
