alert_threshold,aump_fired_count,crashed_sequences,stable_sequences,false_alarm_rate,median_lead_time,iqr_lead_low,iqr_lead_high,n_with_lead_time
0.5,129,84,116,0.3879310344827586,4.0,3.0,7.0,84
0.6,118,84,116,0.29310344827586204,3.0,2.0,5.0,84
0.7,103,84,116,0.16379310344827586,1.0,1.0,3.0,84
0.8,89,84,116,0.06896551724137931,0.0,0.0,1.0,81
0.9,62,84,116,0.017241379310344827,-1.0,-4.0,-0.75,60
