alert_threshold,n_paired,median_diff,p_value
0.5,84,-4.0,8.402061089237027e-16
0.6,84,-3.0,1.3889651754620978e-14
0.7,84,-1.0,2.6734236395780397e-11
0.8,81,0.0,0.08409880798459635
0.9,60,1.0,0.9999999961209726
